{
  "version": "1.030.0",
  "name": "custom.python.ibmmq",
  "metricGroup": "tech.IBMMQ_OneAgent",
  "type": "python",
  "requiredAgentVersion": "1.147",
  "entity": "PROCESS_GROUP_INSTANCE",
  "processTypeNames": ["UNKNOWN"],
  "technologies": ["MQ_SERIES"],
  "source": {
    "package": "custom_IBM_MQ_Plugin",
    "className": "CustomIBMMQPlugin",
    "install_requires": ["pymqi"],
    "activation": "Singleton"
  },
  "metrics": [
    {
      "timeseries": {
        "key": "QueueManager.Status",
        "unit": "Percent",
        "dimensions": [],
        "displayname": "Status",
        "topxconfig": {
                "limit": 1000
         }
      },
        "alert_settings": [
            {
                    "alert_id": "mq_qmgr_sts",
                    "event_type": "AVAILABILITY_EVENT",
                    "event_name": "Queue manager is down",
                    "description": "The {metricname} of {entityname} is {alert_condition} {threshold}",
                    "threshold": 99.0,
                    "default_state": "active",
                    "alert_condition": "BELOW",
                    "samples":3,
                    "violating_samples":1,
                    "dealerting_samples":3
            }
        ]
    },
    {
      "timeseries": {
        "key": "QueueManager.Connections",
        "unit": "Count",
        "dimensions": [],
        "displayname": "Connections",
        "topxconfig": {
                "limit": 1000
         }
      },
      "alert_settings": [
            {
                    "alert_id": "mq_qmgr_conns",
                    "event_type": "PERFORMANCE_EVENT",
                    "event_name": "Queue manager has low connections",
                    "description": "The {metricname} of {entityname} is {alert_condition} {threshold}",
                    "threshold": 5,
                    "default_state": "inactive",
                    "alert_condition": "BELOW",
                    "samples":3,
                    "violating_samples":1,
                    "dealerting_samples":3
            }
        ]
    },
    {
      "timeseries": {
        "key": "QueueManager.ActiveChannels",
        "unit": "Count",
        "dimensions": [],
        "displayname": "Active Channels",
        "topxconfig": {
                "limit": 1000
         }
      },
      "alert_settings": [
            {
                    "alert_id": "mq_qgr_act_chnls",
                    "event_type": "PERFORMANCE_EVENT",
                    "event_name": "Queue manager has high active channels",
                    "description": "The {metricname} of {entityname} is {alert_condition} {threshold}",
                    "threshold": 5,
                    "default_state": "inactive",
                    "alert_condition": "ABOVE",
                    "samples":3,
                    "violating_samples":2,
                    "dealerting_samples":3
            }
        ]
    },
    {
      "timeseries": {
        "key": "Queue.Depth",
        "unit": "Count",
        "dimensions": ["Queue"],
        "displayname": "Depth",
        "topxconfig": {
                "limit": 1000
         }
      },
      "alert_settings": [
            {
                    "alert_id": "mq_queue_depth",
                    "event_type": "PERFORMANCE_EVENT",
                    "event_name": "Queue depth has dropped below threshold",
                    "description": "The {metricname} of {dimensions} is {alert_condition} {threshold}",
                    "threshold": 1.0,
                    "default_state": "inactive",
                    "alert_condition": "BELOW",
                    "samples":3,
                    "violating_samples":1,
                    "dealerting_samples":3
            }
        ]
    },
    {
      "timeseries": {
        "key": "Queue.InhibitGet",
        "unit": "Count",
        "dimensions": ["Queue"],
        "displayname": "Inhibit Get",
        "topxconfig": {
                "limit": 1000
         }
      },
      "alert_settings": [
            {
                    "alert_id": "mq_q_inhget",
                    "event_type": "AVAILABILITY_EVENT",
                    "event_name": "Queue inhibits GET",
                    "description": "Queue is inhibiting MQGET",
                    "threshold": 0.1,
                    "default_state": "inactive",
                    "alert_condition": "ABOVE",
                    "samples":3,
                    "violating_samples":1,
                    "dealerting_samples":3
            }
        ]
    },
    {
      "timeseries": {
        "key": "Queue.InhibitPut",
        "unit": "Count",
        "dimensions": ["Queue"],
        "displayname": "InhibitPut",
        "topxconfig": {
                "limit": 1000
         }
      },
      "alert_settings": [
            {
                    "alert_id": "mq_q_inhput",
                    "event_type": "AVAILABILITY_EVENT",
                    "event_name": "Queue inhibits PUT",
                    "description": "Queue is inhibiting MQPUT",
                    "threshold": 0.1,
                    "default_state": "inactive",
                    "alert_condition": "ABOVE",
                    "samples":3,
                    "violating_samples":1,
                    "dealerting_samples":3
            }
        ]
    },
    {
      "timeseries": {
        "key": "Queue.OpenInputCount",
        "unit": "Count",
        "dimensions": ["Queue"],
        "displayname": "Open Input Count",
        "topxconfig": {
                "limit": 1000
         }
      }
    },
    {
      "timeseries": {
        "key": "Queue.OpenOutputCount",
        "unit": "Count",
        "dimensions": ["Queue"],
        "displayname": "Open Output Count",
        "topxconfig": {
                "limit": 1000
         }
      }
    },
    {
      "timeseries": {
        "key": "Queue.OldestMessageAge",
        "unit": "Second",
        "dimensions": ["Queue"],
        "displayname": "Oldest Message Age",
        "topxconfig": {
                "limit": 1000
         }
      },
        "alert_settings": [
            {
                "alert_id": "mq_q_msg_age",
                "event_type": "PERFORMANCE_EVENT",
                "event_name": "Queue messages are aging",
                "description": "Messages in queue {entityname} are older than {threshold}",
                "threshold": 5,
                "default_state": "inactive",
                "alert_condition": "ABOVE",
                "samples":3,
                "violating_samples":1,
                "dealerting_samples":3
            }
        ]
    },
    {
      "timeseries": {
        "key": "Queue.UncommittedMessages",
        "unit": "Count",
        "dimensions": ["Queue"],
        "displayname": "Uncommitted Messages",
        "topxconfig": {
                "limit": 1000
         }
      }
    },
    {
      "timeseries": {
        "key": "Queue.DequeueRate",
        "unit": "PerSecond",
        "dimensions": ["Queue"],
        "displayname": "Dequeue Rate",
        "topxconfig": {
                "limit": 1000
         }
      },
        "alert_settings": [
            {
                "alert_id": "mq_q_deq_rate",
                "event_type": "PERFORMANCE_EVENT",
                "event_name": "Dequeue rate has reduced",
                "description": "Dequeue rate on {entityname} has reduced by {threshold}",
                "threshold": 5,
                "default_state": "inactive",
                "alert_condition": "BELOW",
                "samples":3,
                "violating_samples":1,
                "dealerting_samples":3
            }
        ]
    },
    {
      "timeseries": {
        "key": "Queue.EnqueueRate",
        "unit": "PerSecond",
        "dimensions": ["Queue"],
        "displayname": "Enqueue Rate",
        "topxconfig": {
                "limit": 1000
         }
      },
        "alert_settings": [
            {
                "alert_id": "mq_q_enq_rate",
                "event_type": "PERFORMANCE_EVENT",
                "event_name": "Enqueue rate has increased",
                "description": "Enqueue rate on {entityname} has increased by {threshold}",
                "threshold": 5,
                "default_state": "inactive",
                "alert_condition": "ABOVE",
                "samples":3,
                "violating_samples":1,
                "dealerting_samples":3
            }
        ]
    },
    {
      "timeseries": {
        "key": "Queue.LastGet",
        "unit": "MilliSecond",
        "dimensions": ["Queue"],
        "displayname": "Last get",
        "topxconfig": {
                "limit": 1000
         }
      }
    },
    {
      "timeseries": {
        "key": "Queue.LastPut",
        "unit": "MilliSecond",
        "dimensions": ["Queue"],
        "displayname": "Last put",
        "topxconfig": {
                "limit": 1000
         }
      }
    },
    {
      "timeseries": {
        "key": "Queue.PercentQueueDepth",
        "unit": "Percent",
        "dimensions": ["Queue"],
        "displayname": "Percent Queue Depth",
        "topxconfig": {
                "limit": 1000
         }
      },
        "alert_settings": [
            {
                    "alert_id": "mq_q_depth_pct",
                    "event_type": "PERFORMANCE_EVENT",
                    "event_name": "Queue depth is reaching maximum",
                    "description": "The {metricname} of {dimensions} is {alert_condition} {threshold} and reaching maximum",
                    "threshold": 98.0,
                    "default_state": "inactive",
                    "alert_condition": "ABOVE",
                    "samples":3,
                    "violating_samples":1,
                    "dealerting_samples":3
            }
        ]
    },
    {
      "timeseries": {
        "key": "Queue.TimeIndicatorShort",
        "unit": "MicroSecond",
        "dimensions": ["Queue"],
        "displayname": "Time Short",
        "topxconfig": {
                "limit": 1000
         }
      }
    },
    {
      "timeseries": {
        "key": "Queue.TimeIndicatorLong",
        "unit": "MicroSecond",
        "dimensions": ["Queue"],
        "displayname": "Time Long",
        "topxconfig": {
                "limit": 1000
         }
      }
    },
    {
        "statetimeseries": {
            "key": "Channel.Status2",
            "dimensions": ["Channel"],
            "displayname": "Channel Status",
            "states": ["Inactive", "Starting", "Initializing", "Binding", "Running", "Stopping", "Stopped", "Paused", "Retrying", "Requesting", "Switching"]
        }
    },
    {
      "timeseries": {
        "key": "Channel.Messages",
        "unit": "Count",
        "dimensions": ["Channel"],
        "displayname": "Messages",
        "topxconfig": {
                "limit": 1000
         }
      }
    },
    {
      "timeseries": {
        "key": "Channel.BytesSent",
        "unit": "Byte",
        "dimensions": ["Channel"],
        "displayname": "Bytes sent",
        "topxconfig": {
                "limit": 1000
         }
      }
    },
    {
      "timeseries": {
        "key": "Channel.BytesReceived",
        "unit": "Byte",
        "dimensions": ["Channel"],
        "displayname": "Bytes received",
        "topxconfig": {
                "limit": 1000
         }
      }
    },
    {
      "timeseries": {
        "key": "Channel.BuffersSent",
        "unit": "Count",
        "dimensions": ["Channel"],
        "displayname": "Buffers sent",
        "topxconfig": {
                "limit": 1000
         }
      }
    },
    {
      "timeseries": {
        "key": "Channel.BuffersReceived",
        "unit": "Count",
        "dimensions": ["Channel"],
        "displayname": "Buffers received",
        "topxconfig": {
                "limit": 1000
         }
      }
    },
    {
      "timeseries": {
        "key": "Channel.LastMsg",
        "unit": "Second",
        "dimensions": ["Channel"],
        "displayname": "Age of last message",
        "topxconfig": {
                "limit": 1000
         }
      }
    },
    {
      "timeseries": {
        "key": "Channel.CurrentSharingConvs",
        "unit": "Count",
        "dimensions": ["Channel"],
        "displayname": "Current sharing conversations",
        "topxconfig": {
                "limit": 1000
         }
      }
    },
    {
      "timeseries": {
        "key": "Channel.ListenerStatus",
        "unit": "Percent",
        "dimensions": ["Listener"],
        "displayname": "Status",
        "topxconfig": {
                "limit": 1000
         }
      },
        "alert_settings": [
            {
                    "alert_id": "mq_lsnr_sts",
                    "event_type": "AVAILABILITY_EVENT",
                    "event_name": "Listener is down",
                    "description": "The {metricname} of {dimensions} is {alert_condition} {threshold}",
                    "threshold": 99.0,
                    "default_state": "inactive",
                    "alert_condition": "BELOW",
                    "samples":3,
                    "violating_samples":1,
                    "dealerting_samples":3
            }
        ]
    }
  ],
  "ui": {
		"keymetrics" : [
            {
                "key": "QueueManager.Status",
                "mergeaggregation" : "avg",
                "displayname": "Availability"
            },
			{
				"key": "QueueManager.Connections",
                "mergeaggregation" : "sum",
				"displayname": "Connections"
			},
            {
				"key": "QueueManager.ActiveChannels",
                "mergeaggregation" : "sum",
				"displayname": "Active Channels"
			}
		],
		"keycharts": [
			{
				"group": "Queue Manager",
				"title": "Availability",
				"series": [
					{
						"key": "QueueManager.Status",
                        "displayname": "Availability"
					}
				]
			},
            {
				"group": "Queue Manager",
				"title": "Queue Manager Connections",
				"series": [
					{
						"key": "QueueManager.Connections",
                        "displayname": "Connections"
					}
				]
			},
            {
				"group": "Queue Manager",
				"title": "Queue Manager Active Channels",
				"series": [
					{
						"key": "QueueManager.ActiveChannels",
                        "displayname": "Active Channels"
					}
				]
			},
			{
				"group": "Queue",
				"title": "Average Queue Depth",
				"series": [
					{
						"key": "Queue.Depth",
                        "mergeaggregation" : "avg",
                        "displayname": "Queue Depth",
                        "seriestype": "line",
                        "color": "#00cc00"
					},
                    {
						"key": "Queue.PercentQueueDepth",
                        "mergeaggregation" : "avg",
                        "displayname": "Percentage Queue Depth",
                        "seriestype": "area",
                        "rightaxis": true
					}
				]
			},
            {
				"group": "Channel",
				"title": "Channel Transfer",
				"series": [
					{
						"key": "Channel.BytesSent",
                        "mergeaggregation" : "avg",
                        "displayname": "Bytes Sent",
                        "seriestype": "line",
                        "color": "#00cc00"
					},
                    {
						"key": "Channel.BytesReceived",
                        "mergeaggregation" : "avg",
                        "displayname": "Bytes Received",
                        "seriestype": "line"
					}
				]
			}
        ],
        "charts": [
            {
                "group": "Queues",
                "title": "Queue depth",
				"series": [
					{
                        "key": "Queue.Depth",
                        "displayname": "Number of messages",
                        "seriestype": "line",
                        "color": "#00cc00"
                    },
                    {
                        "key": "Queue.PercentQueueDepth",
                        "displayname": "Percent queue depth",
                        "rightaxis": true,
                        "seriestype": "area",
                        "color": "#00a6fb"
                    }
				]
            },
            {
                "group": "Queues",
                "title": "Enqueue/Dequeue rate",
				"series": [
					{
                        "key": "Queue.EnqueueRate",
                        "displayname": "Enqueue rate",
                        "seriestype": "line",
                        "color": "#00cc00"
                    },
                    {
                        "key": "Queue.DequeueRate",
                        "displayname": "Dequeue rate",
                        "seriestype": "line"
                    }
				]
            },
            {
                "group": "Queues",
                "title": "Open input/output count",
				"series": [
					{
                        "key": "Queue.OpenInputCount",
                        "displayname": "In handles",
                        "seriestype": "line",
                        "color": "#00cc00"
                    },
                    {
                        "key": "Queue.OpenOutputCount",
                        "displayname": "Out handles",
                        "seriestype": "line"
                    }
				]
            },
            {
                "group": "Queues",
                "title": "Oldest message",
				"series": [
					{
                        "key": "Queue.OldestMessageAge",
                        "displayname": "Age",
                        "seriestype": "line"
                    }
				]
            },
            {
                "group": "Queues",
                "title": "Uncommitted messages",
				"series": [
					{
                        "key": "Queue.UncommittedMessages",
                        "displayname": "Number of messages",
                        "seriestype": "line"
                    }
				]
            },
            {
                "group": "Queues",
                "title": "Time in queue",
				"series": [
					{
                        "key": "Queue.TimeIndicatorShort",
                        "displayname": "Time in short period",
                        "seriestype": "line",
                        "color": "#00cc00"
                    },
                    {
                        "key": "Queue.TimeIndicatorLong",
                        "displayname": "Time in long period",
                        "seriestype": "line"
                    }
				]
            },
            {
                "group": "Queues",
                "title": "Last Get/Put",
				"series": [
					{
                        "key": "Queue.LastGet",
                        "displayname": "Last get",
                        "seriestype": "line",
                        "color": "#00cc00"
                    },
                    {
                        "key": "Queue.LastPut",
                        "displayname": "Last put",
                        "seriestype": "line"
                    }
				]
            },
            {
                "group": "Queues",
                "title": "Inhibits",
				"series": [
                    {
                        "key": "Queue.InhibitGet",
                        "displayname": "Inhibit get",
                        "seriestype": "line",
                        "color": "#00cc00"
                    },
                    {
                        "key": "Queue.InhibitPut",
                        "displayname": "Inhibit put",
                        "seriestype": "line"
                    }
				]
            },
            {
                "group": "Channels",
                "title": "Channel Status",
				"series": [
					{
                        "key": "Channel.Status2",
                        "displayname": "Status",
                        "seriestype": "bar",
                        "statecolors": ["#d0d0d0", "#ffde00", "#1c40a0", "#268ec2", "#02cd1f", "#a0a0a0", "#656565", "#e88800", "#dc172a", "#c76ce1", "#875cb5"],
                        "statechart": true
                    }
				]
            },
            {
                "group": "Channels",
                "title": "Channel messages",
				"series": [
					{
                        "key": "Channel.Messages",
                        "displayname": "Number of messages",
                        "seriestype": "line"
                    }
				]
            },
            {
                "group": "Channels",
                "title": "Bytes transferred",
				"series": [
					{
                        "key": "Channel.BytesSent",
                        "displayname": "Sent",
                        "seriestype": "line",
                        "color": "#00cc00"
                    },
                    {
                        "key": "Channel.BytesReceived",
                        "displayname": "Received",
                        "seriestype": "line"
                    }
				]
            },
            {
                "group": "Channels",
                "title": "Buffers transferred",
				"series": [
					{
                        "key": "Channel.BuffersSent",
                        "displayname": "Sent",
                        "seriestype": "line",
                        "color": "#00cc00"
                    },
                    {
                        "key": "Channel.BuffersReceived",
                        "displayname": "Received",
                        "seriestype": "line"
                    }
				]
            },
            {
                "group": "Channels",
                "title": "Last message",
				"series": [
					{
                        "key": "Channel.LastMsg",
                        "displayname": "Time in seconds",
                        "seriestype": "line"
                    }
				]
            },
            {
                "group": "Channels",
                "title": "Conversations",
				"series": [
					{
                        "key": "Channel.CurrentSharingConvs",
                        "displayname": "Number of conversations",
                        "seriestype": "line"
                    }
				]
            },
            {
                "group": "Listeners",
                "title": "Listener status",
				"series": [
					{
                        "key": "Channel.ListenerStatus",
                        "displayname": "Availability"
                    }
				]
            }
        ]
  },
  "configUI": {
    "displayName": "OneAgent IBM MQ",
	  "properties" : [
            { "key" : "username", "displayName": "User", "displayOrder": 1, "displayHint": "Connect locally using specific username, otherwise use user running extension process" },
			{ "key" : "password", "displayName": "Password", "displayOrder": 2, "displayHint": "If you entered a username, enter a password to authenticate user" },
			{ "key" : "channel", "displayName": "Comma-separated channels per queue manager", "displayOrder": 3, "displayHint": "MyQueueManager: abc*, -def*" },
			{ "key" : "queues", "displayName": "Comma seperated queues per queue manager", "displayOrder": 4, "displayHint": "MyQueueManager: Queue1, Que*, -UnwantedQu*" },
			{ "key" : "listener", "displayName": "Comma-separated listeners per queue manager", "displayOrder": 5, "displayHint": "MyQueueManager: *, or leave blank for none" },
			{ "key" : "exclude_system", "displayName": "Exclude System objects", "displayOrder": 6 },
			{ "key" : "reset_q_stats", "displayName": "Run Reset Stats on Queues (retrieves Deq/Enq)", "displayOrder": 7 },
            { "key" : "dlq_alert", "displayName": "Auto-alert on Dead Letter Queue messages", "displayOrder": 8 },
            { "key" : "retry_channel_alert", "displayName": "Auto-alert on Channel Retry state", "displayOrder": 9 },      
            { "key" : "high_qdepth_alert", "displayName": "Auto-alert on high queue depth threshold configured on queue manager", "displayOrder": 10 },
            { "key" : "low_qdepth_alert", "displayName": "Auto-alert on low queue depth threshold configured on queue manager", "displayOrder": 11 },
            { "key" : "get_queue_topology", "displayName": "Retrieve queue topology for improved transaction tracing", "displayOrder": 12 },
            { "key" : "api_endpoint", "displayName": "Cluster environment or tenant", "displayOrder": 13, "displayHint": "Example: abc123.dynatrace-managed.com/e/c78e9214-f46d-0j32-1ap5-6f9673fe384e"},
            { "key" : "api_token", "displayName": "API token key", "displayOrder": 14, "displayHint": "Example: Dpsfgr3vs2mdkso2r"},
            { "key" : "http_proxy_host", "displayName": "HTTP Proxy Host:Port", "displayOrder": 15, "displayHint": "If you use a proxy to communicate externally, enter the host:port" },
            { "key" : "http_proxy_user", "displayName": "HTTP Proxy User", "displayOrder": 16, "displayHint": "If using Basic Auth to HTTP proxy, enter the username" },
            { "key" : "http_proxy_password", "displayName": "HTTP Proxy Password", "displayOrder": 17, "displayHint": "If using Basic Auth to HTTP proxy, enter the password" },                                                                                                                                
            { "key" : "debug", "displayName": "Debug output", "displayOrder": 18 }                                                                                                                                
		]
  },
  "properties": [
    {
      "key": "username",
      "type": "String"
    },
    {
      "key": "password",
      "type": "Password"
    },
	{
      "key": "channel",
      "type": "Textarea"
    },
	{
      "key": "queues",
      "type": "Textarea"
    },
	{
      "key": "listener",
      "type": "Textarea"
    },
    {
        "key": "exclude_system",
        "type": "Boolean"
    },
    {
        "key": "reset_q_stats",
        "type": "Boolean"
    },
    {
        "key": "dlq_alert",
        "type": "Boolean"
    },
    {
        "key": "high_qdepth_alert",
        "type": "Boolean"
    },
    {
        "key": "low_qdepth_alert",
        "type": "Boolean"
    },
    {
        "key": "debug",
        "type": "Boolean"
    },
    {
        "key": "retry_channel_alert",
        "type": "Boolean"
    },
    {
        "key": "get_queue_topology",
        "type": "Boolean"
    },
    {
        "key": "api_endpoint",
        "type": "String"
    },
    {
        "key": "api_token",
        "type": "Password"
    },
    {
      "key": "http_proxy_host",
      "type": "String"
    },
    {
      "key": "http_proxy_user",
      "type": "String"
    },
    {
      "key": "http_proxy_password",
      "type": "Password"
    }
  ]
}
